<?xml version="1.0" encoding="UTF-8"?>
<beans xmlns="http://www.springframework.org/schema/beans"
	xmlns:xsi="http://www.w3.org/2001/XMLSchema-instance" xmlns:context="http://www.springframework.org/schema/context"
	xmlns:jee="http://www.springframework.org/schema/jee" xmlns:tx="http://www.springframework.org/schema/tx"
	xmlns:mvc="http://www.springframework.org/schema/mvc"
	xsi:schemaLocation="http://www.springframework.org/schema/mvc http://www.springframework.org/schema/mvc/spring-mvc-3.2.xsd
	http://www.springframework.org/schema/beans http://www.springframework.org/schema/beans/spring-beans-3.2.xsd
		http://www.springframework.org/schema/context http://www.springframework.org/schema/context/spring-context-3.2.xsd
		http://www.springframework.org/schema/jee http://www.springframework.org/schema/jee/spring-jee-3.2.xsd
		http://www.springframework.org/schema/tx http://www.springframework.org/schema/tx/spring-tx-3.2.xsd">


	<jee:jndi-lookup id="VIMDataSource" 
	jndi-name="java:/comp/env/jdbc/VIMDataSource"
		expected-type="javax.sql.DataSource" /> 
	 <bean id="carDAO" class="com.cg.dao.impl.JPACarDAO" scope="">
		<property name="dataSource" ref="VIMDataSource" />
	</bean> 
<bean id="carDAO"
     class="org.springframework.orm.jpa.LocalContainerEntityManagerFactoryBean">
       <property name="dataSource" ref="dataSource" />
       <property name="packagesToScan" value="org.baeldung.persistence.model" />
       <property name="jpaVendorAdapter">
           <bean class="org.springframework.orm.jpa.vendor.HibernateJpaVendorAdapter" />
       </property>
       <property name="jpaProperties">
          <props>
              <prop key="hibernate.hbm2ddl.auto">create-drop</prop>
             <prop key="hibernate.dialect">org.hibernate.dialect.Oracle10gDialect</prop>
          </props>
       </property>
   </bean>
 
   <bean id="dataSource"
     class="org.springframework.jdbc.datasource.DriverManagerDataSource">
       <property name="driverClassName" value="oracle.jdbc.driver.OracleDriver" />
       <property name="url" value="jdbc:oracle:thin:@localhost:1521:XE" />
       <property name="username" value="System" />
       <property name="password" value="Capgemini321" />
   </bean>
 
   <bean id="transactionManager"
     class="org.springframework.orm.jpa.JpaTransactionManager">
       <property name="entityManagerFactory" ref="carDAO" />
   </bean>
   <tx:annotation-driven />
 
   <bean id="persistenceExceptionTranslationPostProcessor" class=
     "org.springframework.dao.annotation.PersistenceExceptionTranslationPostProcessor" />
 
</beans>























